lam,eq_max,eq_min,bond_mode,is_sharpe,is_cagr,is_maxdd,is_excess,oos_sharpe,oos_cagr,oos_maxdd,oos_excess
5,0.8,0.2,long,0.50758382261934,0.05696863253731886,-0.16391570615283313,-0.03046205392159887,0.20654434664623553,0.027815948074230202,-0.3043822596346947,-0.06589554283048613
5,0.8,0.2,medium,0.37230647058771726,0.03892127759047613,-0.17201182541536408,-0.0485094088684416,0.2648729119823575,0.03310404823572844,-0.3043822596346947,-0.06060744266898788
5,0.8,0.2,short,0.2686429928709733,0.028080603445419895,-0.1831818944255803,-0.05935008301349784,0.2942432687421048,0.03552746361705214,-0.3043822596346947,-0.05818402728766418
5,0.8,0.3,long,0.5286335573961117,0.05784186737401091,-0.16391570615283346,-0.02958881908490682,0.2484447216948191,0.033311626927749756,-0.3043822596346947,-0.06039986397696657
5,0.8,0.3,medium,0.39671273295750153,0.041654814700783076,-0.17262659831488258,-0.045775871758134655,0.32002790176196483,0.040391700460576205,-0.3043822596346947,-0.05331979044414012
5,0.8,0.3,short,0.3038393861631178,0.032166160680322776,-0.18251354738008163,-0.055264525778594954,0.34023109985405087,0.041825587792735576,-0.3043822596346947,-0.05188590311198075
5,0.8,0.4,long,0.5399118397725565,0.058267425415144916,-0.1639157061528328,-0.029163261043772815,0.29191310364658885,0.039104098537082056,-0.3043822596346947,-0.05460739236763427
5,0.8,0.4,medium,0.417762448509114,0.044388351811090014,-0.17334276333030574,-0.04304233464782772,0.3575237766055229,0.04577019654859739,-0.3043822596346947,-0.047941294356118935
5,0.8,0.4,short,0.33652067068566527,0.03625171791522565,-0.18191341113616644,-0.05117896854369208,0.3761757081487979,0.04727246975210434,-0.3043822596346947,-0.04643902115261198
5,0.8,0.5,long,0.5398270447397056,0.05823274633940679,-0.16391570615283346,-0.02919794011951094,0.33289384576805553,0.044765094262384696,-0.3043822596346947,-0.04894639664233163
5,0.8,0.5,medium,0.43111222931626514,0.046661651804524806,-0.17416009876684013,-0.040769034654392924,0.3785588373706122,0.04932960212867999,-0.3043822596346947,-0.044381888776036334
5,0.8,0.5,short,0.3623945887695497,0.03987703803325639,-0.18138166873685913,-0.04755364842566134,0.40013747139665534,0.05161952043381349,-0.3043822596346947,-0.04209197047090284
5,0.9,0.2,long,0.4786451378744401,0.058279398071436624,-0.17949803412601573,-0.029151288387481107,0.17621135378877234,0.025691886754702433,-0.3380014341465025,-0.06801960415001389
5,0.9,0.2,medium,0.3508642289262106,0.040247642719102576,-0.1927335606512437,-0.047183043739815154,0.22629666000537021,0.030979986916200665,-0.3380014341465025,-0.06273150398851565
5,0.9,0.2,short,0.2564887561186888,0.02941922514819068,-0.20362408072622418,-0.058011461310727055,0.2510754583838405,0.03340340229752437,-0.3380014341465025,-0.06030808860719195
5,0.9,0.3,long,0.49715038535682776,0.05922415062500438,-0.17949803412601528,-0.028206535833913353,0.2147092416003193,0.03118756560822197,-0.3380014341465025,-0.06252392529649435
5,0.9,0.3,medium,0.37409044716387996,0.0430526975462852,-0.19231619815824053,-0.04437798891263253,0.27724919030660977,0.03826763914104843,-0.3380014341465025,-0.055443851763667895
5,0.9,0.3,short,0.2897549142297495,0.03357630009996926,-0.20196786038636394,-0.05385438635894847,0.2940128030250003,0.03970152647320779,-0.3380014341465025,-0.05400996443150853
5,0.9,0.4,long,0.5073497620837845,0.059721257470393876,-0.17949803412601584,-0.027709428988523854,0.2547851696773985,0.03698003721755426,-0.3380014341465025,-0.056731453687162064
5,0.9,0.4,medium,0.39468630153617495,0.04585778346084763,-0.19199746502530446,-0.0415729029980701,0.3124707836837911,0.043646135229069606,-0.3380014341465025,-0.05006535567564672
5,0.9,0.4,short,0.3210341217993907,0.03773340613912762,-0.2003747039174596,-0.04969728031979011,0.3282889113582854,0.04514840843257655,-0.3380014341465025,-0.04856308247213977
5,0.9,0.5,long,0.5078331648616174,0.0597300319230483,-0.17949803412601606,-0.02770065453586943,0.29282921528742717,0.04264103294285692,-0.3380014341465025,-0.051070457961859404
5,0.9,0.5,medium,0.408425056754851,0.048174536982675,-0.1917775269811829,-0.03925614947624273,0.33294520019807533,0.047205540809152194,-0.3380014341465025,-0.04650595009556413
5,0.9,0.5,short,0.3461479420072431,0.04140217978555093,-0.19884504107384393,-0.046028506673366804,0.35207068723891033,0.0494954591142857,-0.3380014341465025,-0.04421603179043063
10,0.8,0.2,long,0.4801686963302662,0.05404057605634656,-0.18102233577789795,-0.03339011040257117,0.1771335744449817,0.023811936222617607,-0.3043822596346947,-0.06989955468209871
10,0.8,0.2,medium,0.3493139814433624,0.03655197937670681,-0.18473242382247346,-0.05087870708221092,0.24343445482952378,0.030748731086622592,-0.3043822596346947,-0.06296275981809374
10,0.8,0.2,short,0.25831969652576586,0.027003445808776085,-0.18562571443943432,-0.06042724065014164,0.2816968586135157,0.03445416917520168,-0.3043822596346947,-0.059257321729514645
10,0.8,0.3,long,0.5004203758609319,0.05491735608092624,-0.18021246981427763,-0.03251333037799149,0.22332201354625922,0.029983217679833307,-0.3043822596346947,-0.06372827322488302
10,0.8,0.3,medium,0.3765975091334039,0.03960339372699851,-0.18362360181477388,-0.04782729273191922,0.3008395140325347,0.038375518556852374,-0.3043822596346947,-0.05533597234786395
10,0.8,0.3,short,0.2950125940066756,0.031245411132143536,-0.18448040055339165,-0.0561852753267742,0.32912824233376425,0.04093117575786019,-0.3043822596346947,-0.05278031514685613
10,0.8,0.4,long,0.5151519972895194,0.055794136105505925,-0.17952410022275211,-0.031636550353411806,0.2700200601447677,0.03630228558371798,-0.3043822596346947,-0.057409205320998344
10,0.8,0.4,medium,0.40072822806861136,0.04265480807729019,-0.1825891726215093,-0.04477587838162754,0.34103831273146035,0.04409314989025555,-0.3043822596346947,-0.049618341014460776
10,0.8,0.4,short,0.3292320462176497,0.03548737645551098,-0.1833881385388898,-0.051943310003406754,0.36687975952373914,0.04655694012420403,-0.3043822596346947,-0.0471545507805123
10,0.8,0.5,long,0.5191783505089081,0.05621067901321348,-0.17895757693987713,-0.031220007445704252,0.31449080549484054,0.04248987760357299,-0.3043822596346947,-0.05122161330114333
10,0.8,0.5,medium,0.4173098652895706,0.045245985310709745,-0.18162945606862846,-0.042184701148207986,0.3651963937985154,0.04799169071572014,-0.3043822596346947,-0.045719800188996185
10,0.8,0.5,short,0.3562132581690404,0.03921324148026827,-0.18234916894803588,-0.04821744497864946,0.3929746983794034,0.05108287321288825,-0.3043822596346947,-0.042628617691828075
10,0.9,0.2,long,0.45486196147498986,0.055484765908014794,-0.1988272622420959,-0.03194592055090294,0.14633257565515864,0.021349566539932665,-0.3380014341465025,-0.07236192436478366
10,0.9,0.2,medium,0.33151609200457194,0.03804193026534693,-0.20245669137777067,-0.049388756193570804,0.20430013151680784,0.02828636140393766,-0.3380014341465025,-0.06542512950077867
10,0.9,0.2,short,0.24860388011721465,0.028505459589078512,-0.20333056147273343,-0.05892522686983922,0.23730421516532496,0.03199179949251674,-0.3380014341465025,-0.06171969141219959
10,0.9,0.3,long,0.4723981053383134,0.0563973533424587,-0.19753247597609935,-0.031033333116459033,0.18882841388402546,0.027520847997148334,-0.3380014341465025,-0.06619064290756799
10,0.9,0.3,medium,0.35699797661608623,0.041129152025502824,-0.20087153951361736,-0.046301534433414906,0.2572584811533348,0.035913148874167425,-0.3380014341465025,-0.0577983420305489
10,0.9,0.3,short,0.28285976543877944,0.032783232322310174,-0.20171023629424734,-0.05464745413660756,0.28144613140139324,0.03846880607517523,-0.3380014341465025,-0.055242684829541096
10,0.9,0.4,long,0.4854698719137208,0.057309947757235226,-0.19635521617869844,-0.030120738701682505,0.23191143045262053,0.033839915901033,-0.3380014341465025,-0.05987157500368332
10,0.9,0.4,medium,0.37999337462498284,0.04421638076599135,-0.19935741215540415,-0.04321430569292638,0.29486630933140096,0.04163078020757059,-0.3380014341465025,-0.05208071069714573
10,0.9,0.4,short,0.31515391903192114,0.03706101203587447,-0.2001399882092868,-0.05036967442304326,0.31722931935829507,0.04409457044151907,-0.3380014341465025,-0.04961692046319725
10,0.9,0.5,long,0.4895112449106627,0.0577623119142658,-0.19529604853160498,-0.029668374544651932,0.2731637439683249,0.04002750792088805,-0.3380014341465025,-0.053683982983828274
10,0.9,0.5,medium,0.3964542470306177,0.04684337924873393,-0.1979147581528925,-0.040587307210183804,0.3180865240274065,0.045529321033035176,-0.3380014341465025,-0.04818216987168115
10,0.9,0.5,short,0.34082011559819253,0.040788312346637455,-0.1986201489849787,-0.046642374112280276,0.3428089006304056,0.04862050353020329,-0.3380014341465025,-0.04509098737451303
25,0.8,0.2,long,0.6490430598550203,0.06871014663250573,-0.12979194990871068,-0.018720539826412003,0.17711908281997743,0.023831477408161248,-0.3043822596346947,-0.06988001349655508
25,0.8,0.2,medium,0.5036558182924118,0.04902801927766491,-0.12979194990871057,-0.03840266718125282,0.243340426941754,0.030768272272166233,-0.3043822596346947,-0.06294321863255009
25,0.8,0.2,short,0.3796754728500457,0.03695492565756762,-0.1303845570959452,-0.05047576080135011,0.28154970847279853,0.03447371036074532,-0.3043822596346947,-0.059237780543971004
25,0.8,0.3,long,0.6535653316374201,0.06752094741368056,-0.1298017792499534,-0.01990973904523717,0.22327267001788106,0.02999950200111966,-0.3043822596346947,-0.06371198890359667
25,0.8,0.3,medium,0.5106490156810379,0.05030177474363739,-0.12980177924995107,-0.03712891171528034,0.30071260770270775,0.03839180287813874,-0.3043822596346947,-0.055319688026577586
25,0.8,0.3,short,0.39945684254476466,0.03974018306600156,-0.13792769046171727,-0.047690503392916174,0.3289662006499898,0.040947460079146555,-0.3043822596346947,-0.05276403082556977
25,0.8,0.4,long,0.6476624714977186,0.06633174819485538,-0.13010046699258415,-0.021098938264062353,0.26995016027671437,0.03631531304074707,-0.3043822596346947,-0.05739617786396926
25,0.8,0.4,medium,0.5125645709072165,0.051575530209609845,-0.13154298033663925,-0.035855156249307886,0.3409113196932285,0.044106177347284635,-0.3043822596346947,-0.04960531355743169
25,0.8,0.4,short,0.41581530425534996,0.042525440474435475,-0.14886325611956097,-0.044905245984482256,0.36672810361740565,0.04656996758123312,-0.3043822596346947,-0.0471415233234832
25,0.8,0.5,long,0.6267645747492421,0.06468231185915806,-0.133533605809808,-0.022748374599759674,0.31441693837103657,0.0424996481963448,-0.3043822596346947,-0.05121184270837152
25,0.8,0.5,medium,0.5056901439159243,0.0523890485587102,-0.14361159345645713,-0.035041637900207534,0.36509132978504033,0.04800146130849195,-0.3043822596346947,-0.045710029596224375
25,0.8,0.5,short,0.4247486971810542,0.044850460765997274,-0.15960141910760128,-0.042580225692920456,0.3928525593880986,0.05109264380566007,-0.3043822596346947,-0.04261884709905625
25,0.9,0.2,long,0.6098063603543953,0.07016985160615836,-0.14506718180535483,-0.017260834852759366,0.14634210020459884,0.021372364589733583,-0.3380014341465025,-0.07233912631498274
25,0.9,0.2,medium,0.4704833204847408,0.050476969189547326,-0.14506718180535605,-0.036953717269370405,0.20423741551349317,0.028309159453738575,-0.3380014341465025,-0.06540233145097775
25,0.9,0.2,short,0.3578942547782646,0.03839441460965285,-0.14509233034432267,-0.04903627184926488,0.2371948101194824,0.032014597542317655,-0.3380014341465025,-0.06169689336239867
25,0.9,0.3,long,0.6113949145398904,0.06898065238733316,-0.1450775977551454,-0.018450034071584576,0.1887979228205869,0.02754038918269197,-0.3380014341465025,-0.06617110172202435
25,0.9,0.3,medium,0.4772058104926482,0.0517507246555198,-0.14507759775514495,-0.03567996180339793,0.25715415630326616,0.035932690059711066,-0.3380014341465025,-0.05777880084500526
25,0.9,0.3,short,0.376628842821993,0.04117967201808677,-0.14949664550967612,-0.04625101444083096,0.28131032509542025,0.03848834726071887,-0.3380014341465025,-0.055223143643997455
25,0.9,0.4,long,0.604705473975036,0.06779145316850799,-0.14508805354613197,-0.019639233290409744,0.23185300289151092,0.033856200222319374,-0.3380014341465025,-0.05985529068239695
25,0.9,0.4,medium,0.4799772221545728,0.05302448012149226,-0.14706563471992895,-0.03440620633742547,0.294750777516602,0.041647064528856956,-0.3380014341465025,-0.05206442637585937
25,0.9,0.4,short,0.39262549428334226,0.04396492942652071,-0.16028545657846704,-0.04346575703239702,0.3170902350684912,0.04411085476280544,-0.3380014341465025,-0.04960063614191088
25,0.9,0.5,long,0.5857325545789622,0.06614201683281068,-0.14714408583610938,-0.02128866962610705,0.27309189846419807,0.040040535377917144,-0.3380014341465025,-0.05367095552679918
25,0.9,0.5,medium,0.475225197483698,0.053837998470592605,-0.15817374210151436,-0.033592687988325126,0.3179813805832266,0.04554234849006427,-0.3380014341465025,-0.048169142414652054
25,0.9,0.5,short,0.4021137379535156,0.0462899497180825,-0.17087951410861135,-0.04114073674083523,0.34268545022069025,0.048633530987232394,-0.3380014341465025,-0.04507795991748393
50,0.8,0.2,long,0.627849043445663,0.067047148332606,-0.18566409496072933,-0.02038353812631173,0.1543105067230218,0.02081080144520156,-0.3043822596346947,-0.07290068945951476
50,0.8,0.2,medium,0.4648910542201309,0.04511001997456437,-0.18935315516046702,-0.04232066648435336,0.22136256776539137,0.028167416806973405,-0.3043822596346947,-0.06554407409774292
50,0.8,0.2,short,0.32479806898458374,0.0316192742658039,-0.19024138283113934,-0.05581141219311383,0.28372374033261716,0.035057277018237125,-0.3043822596346947,-0.0586542138864792
50,0.8,0.3,long,0.6389728436325252,0.06599966440991675,-0.18419742973443787,-0.021431022049000978,0.20097021760622644,0.0270879674068676,-0.3043822596346947,-0.06662352349784872
50,0.8,0.3,medium,0.4771875132095316,0.04678417244335845,-0.18759198033572277,-0.04064651401555928,0.28073291199409034,0.03608854136826038,-0.3043822596346947,-0.05762294953645594
50,0.8,0.3,short,0.35146808114604255,0.03496587874103176,-0.18844461420416836,-0.05246480771788597,0.3301767749713803,0.041430567926617264,-0.3043822596346947,-0.05228092297809906
50,0.8,0.4,long,0.638505316188356,0.06495218048722752,-0.18284817215784965,-0.02247850597169021,0.24857535844099135,0.03356383628806639,-0.3043822596346947,-0.060147654616649934
50,0.8,0.4,medium,0.4838844551981886,0.04845832491215253,-0.18590082673770203,-0.0389723615467652,0.32322664563706505,0.04210050979272074,-0.3043822596346947,-0.05161098111199559
50,0.8,0.4,short,0.3743892009355471,0.03831248321625961,-0.18669655572858146,-0.04911820324265812,0.36727197429599323,0.046952616618682705,-0.3043822596346947,-0.04675887428603362
50,0.8,0.5,long,0.6210322924170858,0.06344445944766616,-0.18161695532906175,-0.023986227011251568,0.29460999700473717,0.03997356088893924,-0.3043822596346947,-0.053737930015777084
50,0.8,0.5,medium,0.4811437149756435,0.04967224026407448,-0.18428018016978254,-0.037758446194843254,0.3500142684813833,0.04629338770924254,-0.3043822596346947,-0.047418103195473786
50,0.8,0.5,short,0.38942598503917747,0.04119885057461535,-0.18499756187990435,-0.04623183588430238,0.39301813321198464,0.051374834033088554,-0.3043822596346947,-0.04233665687162777
50,0.9,0.2,long,0.6026850640406053,0.06932856795460016,-0.2002100612734049,-0.018102118504317574,0.12581330452435113,0.018432841520428688,-0.3380014341465025,-0.07527864938428763
50,0.9,0.2,medium,0.44715937250886684,0.047473458209646116,-0.2038332261281638,-0.039957228249271615,0.18483127816258135,0.025789456882200544,-0.3380014341465025,-0.06792203402251579
50,0.9,0.2,short,0.3196514333477199,0.03403827732953076,-0.2047055879507339,-0.05339240912938697,0.23997387435876727,0.032679317093464263,-0.3380014341465025,-0.06103217381125206
50,0.9,0.3,long,0.6104895904994293,0.06828108403191095,-0.19876959415878026,-0.01914960242700678,0.16873943075894496,0.02471000748209471,-0.3380014341465025,-0.0690014834226216
50,0.9,0.3,medium,0.4588109363694348,0.049147610678440194,-0.20210351005344362,-0.038283075780477537,0.23955466315270565,0.0337105814434875,-0.3380014341465025,-0.060000909461228824
50,0.9,0.3,short,0.3446785567308396,0.03738488180475863,-0.20294091386332347,-0.0500458046541591,0.28314929728891025,0.039052608001844374,-0.3380014341465025,-0.05465888290287195
50,0.9,0.4,long,0.6086842223915272,0.06723360010922172,-0.19744443751539997,-0.02019708634969601,0.21264194081149354,0.0311858763632935,-0.3380014341465025,-0.06252561454142283
50,0.9,0.4,medium,0.46592245430012197,0.050821763147234265,-0.20044256446063557,-0.036608923311683465,0.2791925452193675,0.03972254986794787,-0.3380014341465025,-0.053988941036768455
50,0.9,0.4,short,0.36660988614741546,0.04073148627998648,-0.20122407984872392,-0.04669920017893125,0.3182206944101379,0.04457465669390983,-0.3380014341465025,-0.049136834210806495
50,0.9,0.5,long,0.5925970069315862,0.06572587906966035,-0.19623521313273073,-0.021704807389257383,0.25529094006750647,0.03759560096416637,-0.3380014341465025,-0.05611588994054995
50,0.9,0.5,medium,0.4647952147587217,0.05203567849915624,-0.1988508664755292,-0.03539500795976149,0.30471468824477255,0.043915427784469656,-0.3380014341465025,-0.04979606312024667
50,0.9,0.5,short,0.3815427912857454,0.04361785363834221,-0.19955543405068998,-0.04381283282057552,0.3433420479043682,0.04899687410831568,-0.3380014341465025,-0.044714616796400646
100,0.8,0.2,long,0.4871583789294039,0.0538564327069673,-0.18566409496072955,-0.03357425375195043,0.15453340487676073,0.020815362207497013,-0.3043822596346947,-0.07289612869721931
100,0.8,0.2,medium,0.3791063219738656,0.039156348409717226,-0.18935315516046702,-0.048274338049200505,0.22170315207270969,0.028171977569268855,-0.3043822596346947,-0.06553951333544747
100,0.8,0.2,short,0.2942743822511963,0.03040874396093006,-0.19024138283113956,-0.05702194249798767,0.2841749251404171,0.035061837780532575,-0.3043822596346947,-0.05864965312418375
100,0.8,0.3,long,0.5051491854923844,0.05453113337720059,-0.18419742973443642,-0.03289955308171714,0.20070263333592755,0.02702432810744276,-0.3043822596346947,-0.06668716279727356
100,0.8,0.3,medium,0.4010204856188481,0.04166855961710678,-0.18759198033572355,-0.04576212684181095,0.280552202675093,0.03602490206883554,-0.3043822596346947,-0.057686588835880785
100,0.8,0.3,short,0.3246004889973338,0.034014405724418,-0.18844461420416958,-0.05341628073449973,0.330057723399538,0.04136692862719241,-0.3043822596346947,-0.05234456227752391
100,0.8,0.4,long,0.5172049453104516,0.055205834047433885,-0.18284817215784965,-0.032224852411483845,0.2477973985310734,0.033431996926921254,-0.3043822596346947,-0.06027949397779507
100,0.8,0.4,medium,0.41953952219028723,0.04418077082449633,-0.18590082673770147,-0.043249915634421404,0.32249191947258665,0.041968670431575594,-0.3043822596346947,-0.05174282047314073
100,0.8,0.4,short,0.3523782787503636,0.03762006748790596,-0.18669655572858013,-0.04981061897101177,0.3665680436280487,0.04682077725753758,-0.3043822596346947,-0.04689071364717874
100,0.8,0.5,long,0.5182279490769135,0.05542029760079505,-0.18161695532905986,-0.03201038885812268,0.29330306044588317,0.03977352146607381,-0.3043822596346947,-0.053937969438642513
100,0.8,0.5,medium,0.43037812995057795,0.046232744915013765,-0.18428018016978387,-0.041197941543903965,0.34871114374265844,0.04609334828637712,-0.3043822596346947,-0.0476181426183392
100,0.8,0.5,short,0.37337767266323724,0.04076549213452179,-0.1849975618799048,-0.04666519432439594,0.39172847444909425,0.05117479461022314,-0.3043822596346947,-0.042536696294493186
100,0.9,0.2,long,0.4672480587555527,0.05594714803936492,-0.20021006127340601,-0.03148353841955281,0.1235854540016729,0.018098326945950396,-0.3380014341465025,-0.07561316395876592
100,0.9,0.2,medium,0.3648108574685671,0.04124706374211484,-0.20383322612816346,-0.04618362271680289,0.1825239202723022,0.025454942307722248,-0.3380014341465025,-0.06825654859699408
100,0.9,0.2,short,0.28732764326268784,0.03249945929332768,-0.20470558795073313,-0.05493122716559005,0.23764045089102637,0.03234480251898597,-0.3380014341465025,-0.06136668838573035
100,0.9,0.3,long,0.4824115971693009,0.056621848709598216,-0.19876959415877893,-0.030808837749319515,0.16603078231418592,0.024307292845896115,-0.3380014341465025,-0.06940419805882021
100,0.9,0.3,medium,0.38498487362489914,0.0437592749495044,-0.20210351005344307,-0.04367141150941333,0.23675665195642887,0.03330786680728891,-0.3380014341465025,-0.060403624097427416
100,0.9,0.3,short,0.3154043111855914,0.036105121056815626,-0.20294091386332147,-0.051325565402102105,0.2803078977204661,0.038649893365645775,-0.3380014341465025,-0.05506159753907055
100,0.9,0.4,long,0.4926954759977445,0.057296549379831516,-0.19744443751539864,-0.030134137079086215,0.20943973993832032,0.030714961665374615,-0.3380014341465025,-0.06299652923934171
100,0.9,0.4,medium,0.4024281443129254,0.04627148615689396,-0.20044256446063757,-0.041159200302023774,0.2758947156750412,0.039251635170028984,-0.3380014341465025,-0.05445985573468734
100,0.9,0.4,short,0.34141265807432136,0.03971078282030359,-0.20122407984872248,-0.04771990363861414,0.31487282437704284,0.04410374199599095,-0.3380014341465025,-0.04960774890872537
100,0.9,0.5,long,0.4936080560501922,0.05751101293319267,-0.19623521313273162,-0.02991967352572506,0.2515868416277206,0.03705648620452719,-0.3380014341465025,-0.05665500470018913
100,0.9,0.5,medium,0.41318219674740414,0.04832346024741138,-0.1988508664755293,-0.03910722621150635,0.3009197162482742,0.04337631302483048,-0.3380014341465025,-0.050335177879885847
100,0.9,0.5,short,0.3614410701866939,0.042856207466919406,-0.19955543405069065,-0.044574478991998324,0.3395016548831862,0.048457759348676493,-0.3380014341465025,-0.04525373155603983
